Title,Price,Rating,Availability,Page
A Light in the Attic,£51.77,Three,In stock,1
Tipping the Velvet,£53.74,One,In stock,1
Soumission,£50.10,One,In stock,1
Sharp Objects,£47.82,Four,In stock,1
Sapiens: A Brief History of Humankind,£54.23,Five,In stock,1
The Requiem Red,£22.65,One,In stock,1
The Dirty Little Secrets of Getting Your Dream Job,£33.34,Four,In stock,1
The Coming Woman: A Novel Based on the Life of the Infamous Feminist, Victoria Woodhull,£17.93,Three,In stock,1
The Boys in the Boat: Nine Americans and Their Epic Quest for Gold at the 1936 Berlin Olympics,£22.60,Four,In stock,1
The Black Maria,£52.15,One,In stock,1
Starving Hearts (Triangular Trade Trilogy, #1),£13.99,Two,In stock,1
Shakespeare&#39;s Sonnets,£20.66,Four,In stock,1
Set Me Free,£17.46,Five,In stock,1
Scott Pilgrim&#39;s Precious Little Life (Scott Pilgrim #1),£52.29,Five,In stock,1
Rip it Up and Start Again,£35.02,Five,In stock,1
Our Band Could Be Your Life: Scenes from the American Indie Underground, 1981-1991,£57.25,Three,In stock,1
Olio,£23.88,One,In stock,1
Mesaerion: The Best Science Fiction Stories 1800-1849,£37.59,One,In stock,1
Libertarianism for Beginners,£51.33,Two,In stock,1
It&#39;s Only the Himalayas,£45.17,Two,In stock,1
A Light in the Attic,£51.77,Three,In stock,1
Tipping the Velvet,£53.74,One,In stock,1
Soumission,£50.10,One,In stock,1
Sharp Objects,£47.82,Four,In stock,1
Sapiens: A Brief History of Humankind,£54.23,Five,In stock,1
The Requiem Red,£22.65,One,In stock,1
The Dirty Little Secrets of Getting Your Dream Job,£33.34,Four,In stock,1
The Coming Woman: A Novel Based on the Life of the Infamous Feminist, Victoria Woodhull,£17.93,Three,In stock,1
The Boys in the Boat: Nine Americans and Their Epic Quest for Gold at the 1936 Berlin Olympics,£22.60,Four,In stock,1
The Black Maria,£52.15,One,In stock,1
Starving Hearts (Triangular Trade Trilogy, #1),£13.99,Two,In stock,1
Shakespeare&#39;s Sonnets,£20.66,Four,In stock,1
Set Me Free,£17.46,Five,In stock,1
Scott Pilgrim&#39;s Precious Little Life (Scott Pilgrim #1),£52.29,Five,In stock,1
Rip it Up and Start Again,£35.02,Five,In stock,1
Our Band Could Be Your Life: Scenes from the American Indie Underground, 1981-1991,£57.25,Three,In stock,1
Olio,£23.88,One,In stock,1
Mesaerion: The Best Science Fiction Stories 1800-1849,£37.59,One,In stock,1
Libertarianism for Beginners,£51.33,Two,In stock,1
It&#39;s Only the Himalayas,£45.17,Two,In stock,1
Without Shame,£48.27,Five,In stock,22
Watchmen,£58.05,Four,In stock,22
Unlimited Intuition Now,£58.87,Four,In stock,22
Underlying Notes,£11.82,Two,In stock,22
The Shack,£28.03,One,In stock,22
The New Brand You: Your New Image Makes the Sale for You,£44.05,Five,In stock,22
The Moosewood Cookbook: Recipes from Moosewood Restaurant, Ithaca, New York,£12.34,Four,In stock,22
The Flowers Lied,£16.68,Two,In stock,22
The Fabric of the Cosmos: Space, Time, and the Texture of Reality,£55.91,One,In stock,22
The Book of Mormon,£24.57,Three,In stock,22
The Art and Science of Low Carbohydrate Living,£52.98,Five,In stock,22
The Alien Club,£54.40,One,In stock,22
Suzie Snowflake: One beautiful flake (a self-esteem story),£54.81,Five,In stock,22
Nap-a-Roo,£25.08,One,In stock,22
NaNo What Now? Finding your editing process, revising your NaNoWriMo book and building a writing career through publishing and beyond,£10.41,Four,In stock,22
Modern Day Fables,£47.44,Two,In stock,22
If I Gave You God&#39;s Phone Number....: Searching for Spirituality in America,£20.91,One,In stock,22
Fruits Basket, Vol. 9 (Fruits Basket #9),£33.95,Four,In stock,22
Dress Your Family in Corduroy and Denim,£43.68,Three,In stock,22
Don&#39;t Forget Steven,£33.23,One,In stock,22
Isla and the Happily Ever After (Anna and the French Kiss #3),£48.13,Five,In stock,32
If I Stay (If I Stay #1),£38.13,Five,In stock,32
I Know Why the Caged Bird Sings (Maya Angelou&#39;s Autobiography #1),£36.55,Two,In stock,32
Harry Potter and the Deathly Hallows (Harry Potter #7),£23.32,One,In stock,32
Fruits Basket, Vol. 5 (Fruits Basket #5),£16.33,One,In stock,32
Foundation (Foundation (Publication Order) #1),£32.42,One,In stock,32
Fool Me Once,£16.96,One,In stock,32
Find Her (Detective D.D. Warren #8),£22.37,One,In stock,32
Evicted: Poverty and Profit in the American City,£42.27,One,In stock,32
Drama,£38.70,Two,In stock,32
Dracula the Un-Dead,£35.63,Five,In stock,32
Digital Fortress,£58.00,Five,In stock,32
Death Note, Vol. 5: Whiteout (Death Note #5),£52.41,One,In stock,32
Data, A Love Story: How I Gamed Online Dating to Meet My Match,£32.35,Three,In stock,32
Critique of Pure Reason,£20.75,One,In stock,32
Booked,£17.49,Five,In stock,32
Blue Lily, Lily Blue (The Raven Cycle #3),£34.13,Five,In stock,32
Approval Junkie: Adventures in Caring Too Much,£58.81,Five,In stock,32
An Abundance of Katherines,£10.00,Five,In stock,32
America&#39;s War for the Greater Middle East: A Military History,£51.22,Two,In stock,32
Walk the Edge (Thunder Road #2),£32.36,Three,In stock,36
Voyager (Outlander #3),£21.07,Five,In stock,36
Very Good Lives: The Fringe Benefits of Failure and the Importance of Imagination,£50.66,Three,In stock,36
Vegan Vegetarian Omnivore: Dinner for Everyone at the Table,£13.66,Two,In stock,36
Unstuffed: Decluttering Your Home, Mind, and Soul,£58.09,One,In stock,36
Under the Banner of Heaven: A Story of Violent Faith,£30.00,One,In stock,36
Two Boys Kissing,£32.74,Two,In stock,36
Twilight (Twilight #1),£41.93,Two,In stock,36
Twenties Girl,£42.80,Two,In stock,36
Trespassing Across America: One Man&#39;s Epic, Never-Done-Before (and Sort of Illegal) Hike Across the Heartland,£53.51,One,In stock,36
Three-Martini Lunch,£23.21,Three,In stock,36
Thinking, Fast and Slow,£21.14,One,In stock,36
The Wild Robot,£56.07,Three,In stock,36
The Wicked + The Divine, Vol. 3: Commercial Suicide (The Wicked + The Divine),£14.41,Three,In stock,36
The Undomestic Goddess,£45.75,Four,In stock,36
The Travelers,£15.77,One,In stock,36
The Tipping Point: How Little Things Can Make a Big Difference,£10.02,Two,In stock,36
The Thing About Jellyfish,£48.77,One,In stock,36
The Stand,£57.86,Two,In stock,36
The Smitten Kitchen Cookbook,£23.59,One,In stock,36
The Dream Thieves (The Raven Cycle #2),£34.50,One,In stock,31
The Darkest Corners,£11.33,Five,In stock,31
The Crossover,£38.77,Four,In stock,31
The 5th Wave (The 5th Wave #1),£11.83,Two,In stock,31
Tell the Wind and Fire,£45.51,Three,In stock,31
Tell Me Three Things,£41.81,One,In stock,31
Talking to Girls About Duran Duran: One Young Man&#39;s Quest for True Love and a Cooler Haircut,£25.15,Four,In stock,31
Siddhartha,£34.22,Five,In stock,31
Shiver (The Wolves of Mercy Falls #1),£16.23,Five,In stock,31
Remember Me?,£11.48,Three,In stock,31
Red Dragon (Hannibal Lecter #1),£23.37,Three,In stock,31
Peak: Secrets from the New Science of Expertise,£16.28,Two,In stock,31
My Mother Was Nuts,£31.63,Four,In stock,31
Mexican Today: New and Rediscovered Recipes for Contemporary Kitchens,£24.91,Five,In stock,31
Maybe Something Beautiful: How Art Transformed a Neighborhood,£22.54,One,In stock,31
Lola and the Boy Next Door (Anna and the French Kiss #2),£23.63,Four,In stock,31
Logan Kade (Fallen Crest High #5.5),£13.12,Two,In stock,31
Last One Home (New Beginnings #1),£59.98,Three,In stock,31
Killing Floor (Jack Reacher #1),£31.49,Four,In stock,31
Kill the Boy Band,£15.52,Five,In stock,31
